url_path,views_total,views_unique
/drexjj/sbitx,139,60
/drexjj/sbitx/wiki,80,34
/drexjj/sbitx/tree/dev,76,7
/drexjj/sbitx/releases,64,32
/drexjj/sbitx/wiki/Remote-Web-Browser-Use,49,20
/drexjj/sbitx/wiki/How-to-Boot-From-USB,39,15
/drexjj/sbitx/releases/tag/sBitx-53-64b-Prod,36,22
/drexjj/sbitx/wiki/Flash-the-Internal-SD-Card-from-a-USB-Drive-using-SD-Card-Copier,19,8
/drexjj/sbitx/wiki/How-to-install-or-upgrade-your-sBitx-application,17,13
/drexjj/sbitx/wiki/sBitx-Microphone-Alternatives,17,11
